title,index
"



Mercedes E 220d Pack 63 AMG -2020





Casablanca



Aujourd'hui
10:54


Voitures

Annonce de professionnel


",0
"



Volkswagen Touareg Diesel -2019





Rabat



Aujourd'hui
10:53


Voitures

Annonce de professionnel


",1
"



Mercedes-Benz Classe A Diesel -2017





Rabat



Aujourd'hui
10:53


Voitures

Annonce de professionnel


",2
"



C 220 AMG. -2012





Nador



Aujourd'hui
10:53


Voitures

Annonce de professionnel


",3
"



Mercedes-Benz Classe CLA Diesel -2020





Rabat



Aujourd'hui
10:53


Voitures


Annonce de professionnel


",4
"



BMW X3 Diesel -2015





Rabat



Aujourd'hui
10:53


Voitures

Annonce de professionnel


",5
"



Mercedes-Benz Classe C Diesel -2018





Rabat



Aujourd'hui
10:53


Voitures

Annonce de professionnel


",6
"



Audi A6 Diesel -2016





Rabat



Aujourd'hui
10:53


Voitures

Annonce de professionnel


",7
"



Land Rover Sport Diesel -2016





Casablanca



Aujourd'hui
10:53


Voitures

Annonce de professionnel


",8
"



Land Rover Range Rover Sport Dynamic Diesel -2015





Rabat



Aujourd'hui
10:53


Voitures

Annonce de professionnel


",9
"



Merc edes- Benz classe e 220 Diesel automatique -2014





Tétouan



Aujourd'hui
10:52


Voitures

Annonce de professionnel


",10
"



Mercedes classe E AMG -2019





Rabat



Aujourd'hui
10:52


Voitures

Annonce de professionnel


",11
"



Porsche cayenne diesel -2013





Casablanca



Aujourd'hui
10:52


Voitures



",12
"



Volkswagen passat possebel reprise -2014





Tétouan



Aujourd'hui
10:52


Voitures

Annonce de professionnel


",13
"



Mercedes-Benz Classe E 2021 Diesel -2020





Rabat



Aujourd'hui
10:52


Voitures

Annonce de professionnel


",14
"



Ford Mondeo diesel -2012





Casablanca



Aujourd'hui
10:52


Voitures

Annonce de professionnel


",15
"



Maserati levante -2017





Marrakech



Aujourd'hui
10:52


Voitures

Annonce de professionnel

 
",16
"



Nissan Qashqai Diesel -2013





Casablanca



Aujourd'hui
10:51


Voitures

Annonce de professionnel


",17
"



porsche cayenne hybride -2020





Casablanca



Aujourd'hui
10:51


Voitures

Annonce de professionnel


",18
"



Kia ceed automatique diesel -2016





Agadir



Aujourd'hui
10:51


Voitures

Annonce de professionnel


",19
"



lustrage haut gamme





Casablanca



Aujourd'hui
10:51


Pièces et Accessoires pour véhicules

Annonce de professionnel


",20
"



range rover sport autobiography -2020





Casablanca



Aujourd'hui
10:50


Voitures

Annonce de professionnel


",21
"



Éclairage xenon led pro





Casablanca



Aujourd'hui
10:50


Pièces et Accessoires pour véhicules

Annonce de professionnel


",22
"



Porsche Cayenne Hybride -2020





Casablanca



Aujourd'hui
10:50


Voitures

Annonce de professionnel


",23
"



Volkswagen jetta Diesel -2018





Casablanca



Aujourd'hui
10:50


Voitures

Annonce de professionnel


",24
"



peinture des jantes pro





Casablanca



Aujourd'hui
10:50


Pièces et Accessoires pour véhicules

Annonce de professionnel


",25
"



Mercedes c220d Diesel -2018





Fès



Aujourd'hui
10:50


Voitures

Annonce de professionnel


",26
"



habillage des optiques et feu arrière





Casablanca



Aujourd'hui
10:50


Pièces et Accessoires pour véhicules

Annonce de professionnel


",27
"



film de protection ppf





Casablanca



Aujourd'hui
10:49


Pièces et Accessoires pour véhicules

Annonce de professionnel


",28
"



Maserati Ghibli -2017





Casablanca



Aujourd'hui
10:49


Voitures

Annonce de professionnel


",29
"



Ford ranger limited Diesel -2018





Casablanca


 
Aujourd'hui
10:49


Voitures

Annonce de professionnel


",30
"



Ford Mondeo -2013





El Jadida



Aujourd'hui
10:49


Voitures



",31
"



habillage de moto travail professionnel





Casablanca



Aujourd'hui
10:49


Pièces et Accessoires pour véhicules

Annonce de professionnel


",32
"



Porsche Cayenne diesel -2009





Casablanca



Aujourd'hui
10:49


Voitures

Annonce de professionnel


",33
"



Dacia Logan -2019





Tétouan



Aujourd'hui
10:49


Voitures

Annonce de professionnel


",34
